{
	"custom.noel": {
		"sounds": [
		{
			"name": "custom/noel",
			"stream": true
			}
		]
	},
	"custom.panne": {
		"sounds": [
		{
			"name": "custom/panne",
			"stream": true
			}
		]
	},
	"custom.evacuation": {
		"sounds": [
		{
			"name": "custom/evacuation",
			"stream": true
			}
		]
	},
	"custom.redemarrage": {
		"sounds": [
		{
			"name": "custom/redemarrage",
			"stream": true
			}
		]
	},
	"custom.attaqueDGE": {
		"sounds": [
		{
			"name": "custom/attaqueDGE",
			"stream": true
			}
		]
	},
	"custom.combatDGE": {
		"sounds": [
		{
			"name": "custom/combatDGE",
			"stream": true
			}
		]
	},
	"custom.nethender": {
		"sounds": [
		{
			"name": "custom/nethender",
			"stream": true
			}
		]
	},
	"custom.filePdc": {
		"sounds": [
		{
			"name": "custom/filePdc",
			"stream": true
			}
		]
	},
	"custom.yohofr": {
		"sounds": [
		{
			"name": "custom/yohofr",
			"stream": true
			}
		]
	},
	"custom.attaquePDC": {
		"sounds": [
		{
			"name": "custom/attaquePDC",
			"stream": true
			}
		]
	},
	"custom.LP1": {
		"sounds": [
		{
			"name": "custom/LP1",
			"stream": true
			}
		]
	},
	"custom.LP2": {
		"sounds": [
		{
			"name": "custom/LP2",
			"stream": true
			}
		]
	},
	"custom.LP3": {
		"sounds": [
		{
			"name": "custom/LP3",
			"stream": true
			}
		]
	},
	"custom.Loop": {
		"sounds": [
		{
			"name": "custom/Loop",
			"stream": true
			}
		]
	},
	"custom.asterix": {
		"sounds": [
		{
			"name": "custom/asterix",
			"stream": true
			}
		]
	},
	"custom.MHmusique": {
		"sounds": [
		{
			"name": "custom/MHmusique",
			"stream": true
			}
		]
	},
	"custom.MHtronconneuse": {
		"sounds": [
		{
			"name": "custom/MHtronconneuse",
			"stream": true
			}
		]
	},
	"custom.MHelectricite": {
		"sounds": [
		{
			"name": "custom/MHelectricite",
			"stream": true
			}
		]
	},
	"custom.MHhaha": {
		"sounds": [
		{
			"name": "custom/MHhaha",
			"stream": true
			}
		]
	},
	"custom.HLWmarkiplier": {
		"sounds": [
		{
			"name": "custom/HLWmarkiplier",
			"stream": true
			}
		]
	},
	"custom.HLWmadness": {
		"sounds": [
		{
			"name": "custom/HLWmadness",
			"stream": true
			}
		]
	},
		"custom.HLWhaha1": {
		"sounds": [
		{
			"name": "custom/HLWhaha1",
			"stream": true
			}
		]
	},
		"custom.HLWhaha2": {
		"sounds": [
		{
			"name": "custom/HLWhaha2",
			"stream": true
			}
		]
	},
		"custom.HLWhaha3": {
		"sounds": [
		{
			"name": "custom/HLWhaha3",
			"stream": true
			}
		]
	},
		"custom.HLWhaha4": {
		"sounds": [
		{
			"name": "custom/HLWhaha4",
			"stream": true
			}
		]
	},
	"custom.HLWpirates": {
		"sounds": [
		{
			"name": "custom/HLWpirates",
			"stream": true
			}
		]
	}
}
