{
	"maintenance.panne": {
		"sounds": [
		{
			"name": "maintenance/panne",
			"stream": true
			}
		]
	},
	"maintenance.evacuation": {
		"sounds": [
		{
			"name": "maintenance/evacuation",
			"stream": true
			}
		]
	},
	"maintenance.redemarrage": {
		"sounds": [
		{
			"name": "maintenance/redemarrage",
			"stream": true
			}
		]
	},
	"nethender.soundtrack": {
		"sounds": [
		{
			"name": "nethender/soundtrack",
			"stream": true
			}
		]
	},
		"gra.soundtrack": {
		"sounds": [
		{
			"name": "gra/soundtrack",
			"stream": true
			}
		]
	},
		"gra.asterix": {
		"sounds": [
		{
			"name": "gra/asterix",
			"stream": true
			}
		]
	},
	"pdc.file": {
		"sounds": [
		{
			"name": "pdc/file",
			"stream": true
			}
		]
	},
	"custom.loop": {
		"sounds": [
		{
			"name": "custom/loop",
			"stream": true
			}
		]
	},
		"custom.noel": {
		"sounds": [
		{
			"name": "custom/noel",
			"stream": true
			}
		]
	},
	"hlw.mhmusique": {
		"sounds": [
		{
			"name": "hlw/mhmusique",
			"stream": true
			}
		]
	},
	"hlw.mhtronconneuse": {
		"sounds": [
		{
			"name": "hlw/mhtronconneuse",
			"stream": true
			}
		]
	},
	"hlw.mhelectricite": {
		"sounds": [
		{
			"name": "hlw/mhelectricite",
			"stream": true
			}
		]
	},
	"hlw.mhhaha": {
		"sounds": [
		{
			"name": "hlw/mhhaha",
			"stream": true
			}
		]
	},
	"hlw.markiplier": {
		"sounds": [
		{
			"name": "hlw/markiplier",
			"stream": true
			}
		]
	},
	"hlw.madness": {
		"sounds": [
		{
			"name": "hlw/madness",
			"stream": true
			}
		]
	},
	"hlw.haha1": {
		"sounds": [
		{
			"name": "hlw/haha1",
			"stream": true
			}
		]
	},
	"hlw.haha2": {
		"sounds": [
		{
			"name": "hlw/haha2",
			"stream": true
			}
		]
	},
	"hlw.haha3": {
		"sounds": [
		{
			"name": "hlw/haha3",
			"stream": true
			}
		]
	},
	"hlw.haha4": {
		"sounds": [
		{
			"name": "hlw/haha4",
			"stream": true
			}
		]
	},
	"hlw.pirates": {
		"sounds": [
		{
			"name": "hlw/pirates",
			"stream": true
			}
		]
	}
}
